{
  "ABIRoot": {
    "kind": "Root",
    "name": "TopLevel",
    "printedName": "TopLevel",
    "children": [
      {
        "kind": "Import",
        "name": "Foundation",
        "printedName": "Foundation",
        "declKind": "Import",
        "moduleName": "WultraPassphraseMeter",
        "declAttributes": [
          "RawDocComment"
        ]
      },
      {
        "kind": "Import",
        "name": "WultraPassphraseMeterCore",
        "printedName": "WultraPassphraseMeterCore",
        "declKind": "Import",
        "moduleName": "WultraPassphraseMeter"
      },
      {
        "kind": "TypeDecl",
        "name": "PasswordTester",
        "printedName": "PasswordTester",
        "children": [
          {
            "kind": "Var",
            "name": "shared",
            "printedName": "shared",
            "children": [
              {
                "kind": "TypeNominal",
                "name": "PasswordTester",
                "printedName": "WultraPassphraseMeter.PasswordTester",
                "usr": "s:21WultraPassphraseMeter14PasswordTesterC"
              }
            ],
            "declKind": "Var",
            "usr": "s:21WultraPassphraseMeter14PasswordTesterC6sharedACvpZ",
            "mangledName": "$s21WultraPassphraseMeter14PasswordTesterC6sharedACvpZ",
            "moduleName": "WultraPassphraseMeter",
            "static": true,
            "declAttributes": [
              "HasInitialValue",
              "Final",
              "HasStorage",
              "AccessControl",
              "RawDocComment"
            ],
            "hasStorage": true,
            "accessors": [
              {
                "kind": "Accessor",
                "name": "Get",
                "printedName": "Get()",
                "children": [
                  {
                    "kind": "TypeNominal",
                    "name": "PasswordTester",
                    "printedName": "WultraPassphraseMeter.PasswordTester",
                    "usr": "s:21WultraPassphraseMeter14PasswordTesterC"
                  }
                ],
                "declKind": "Accessor",
                "usr": "s:21WultraPassphraseMeter14PasswordTesterC6sharedACvgZ",
                "mangledName": "$s21WultraPassphraseMeter14PasswordTesterC6sharedACvgZ",
                "moduleName": "WultraPassphraseMeter",
                "static": true,
                "implicit": true,
                "declAttributes": [
                  "Final"
                ],
                "accessorKind": "get"
              },
              {
                "kind": "Accessor",
                "name": "Set",
                "printedName": "Set()",
                "children": [
                  {
                    "kind": "TypeNominal",
                    "name": "Void",
                    "printedName": "()"
                  },
                  {
                    "kind": "TypeNominal",
                    "name": "PasswordTester",
                    "printedName": "WultraPassphraseMeter.PasswordTester",
                    "usr": "s:21WultraPassphraseMeter14PasswordTesterC"
                  }
                ],
                "declKind": "Accessor",
                "usr": "s:21WultraPassphraseMeter14PasswordTesterC6sharedACvsZ",
                "mangledName": "$s21WultraPassphraseMeter14PasswordTesterC6sharedACvsZ",
                "moduleName": "WultraPassphraseMeter",
                "static": true,
                "implicit": true,
                "declAttributes": [
                  "Final"
                ],
                "accessorKind": "set"
              },
              {
                "kind": "Accessor",
                "name": "Modify",
                "printedName": "Modify()",
                "children": [
                  {
                    "kind": "TypeNominal",
                    "name": "Void",
                    "printedName": "()"
                  }
                ],
                "declKind": "Accessor",
                "usr": "s:21WultraPassphraseMeter14PasswordTesterC6sharedACvMZ",
                "mangledName": "$s21WultraPassphraseMeter14PasswordTesterC6sharedACvMZ",
                "moduleName": "WultraPassphraseMeter",
                "static": true,
                "implicit": true,
                "declAttributes": [
                  "Final"
                ],
                "accessorKind": "_modify"
              }
            ]
          },
          {
            "kind": "Var",
            "name": "hasLoadedDictionary",
            "printedName": "hasLoadedDictionary",
            "children": [
              {
                "kind": "TypeNominal",
                "name": "Bool",
                "printedName": "Swift.Bool",
                "usr": "s:Sb"
              }
            ],
            "declKind": "Var",
            "usr": "s:21WultraPassphraseMeter14PasswordTesterC19hasLoadedDictionarySbvp",
            "mangledName": "$s21WultraPassphraseMeter14PasswordTesterC19hasLoadedDictionarySbvp",
            "moduleName": "WultraPassphraseMeter",
            "declAttributes": [
              "AccessControl",
              "RawDocComment"
            ],
            "accessors": [
              {
                "kind": "Accessor",
                "name": "Get",
                "printedName": "Get()",
                "children": [
                  {
                    "kind": "TypeNominal",
                    "name": "Bool",
                    "printedName": "Swift.Bool",
                    "usr": "s:Sb"
                  }
                ],
                "declKind": "Accessor",
                "usr": "s:21WultraPassphraseMeter14PasswordTesterC19hasLoadedDictionarySbvg",
                "mangledName": "$s21WultraPassphraseMeter14PasswordTesterC19hasLoadedDictionarySbvg",
                "moduleName": "WultraPassphraseMeter",
                "accessorKind": "get"
              }
            ]
          },
          {
            "kind": "Function",
            "name": "loadDictionary",
            "printedName": "loadDictionary(_:)",
            "children": [
              {
                "kind": "TypeNominal",
                "name": "Bool",
                "printedName": "Swift.Bool",
                "usr": "s:Sb"
              },
              {
                "kind": "TypeNominal",
                "name": "PasswordTesterDictionary",
                "printedName": "WultraPassphraseMeter.PasswordTesterDictionary",
                "usr": "s:21WultraPassphraseMeter24PasswordTesterDictionaryV"
              }
            ],
            "declKind": "Func",
            "usr": "s:21WultraPassphraseMeter14PasswordTesterC14loadDictionaryySbAA0deG0VF",
            "mangledName": "$s21WultraPassphraseMeter14PasswordTesterC14loadDictionaryySbAA0deG0VF",
            "moduleName": "WultraPassphraseMeter",
            "declAttributes": [
              "AccessControl",
              "DiscardableResult",
              "RawDocComment"
            ],
            "funcSelfKind": "NonMutating"
          },
          {
            "kind": "Function",
            "name": "freeLoadedDictionary",
            "printedName": "freeLoadedDictionary()",
            "children": [
              {
                "kind": "TypeNominal",
                "name": "Void",
                "printedName": "()"
              }
            ],
            "declKind": "Func",
            "usr": "s:21WultraPassphraseMeter14PasswordTesterC20freeLoadedDictionaryyyF",
            "mangledName": "$s21WultraPassphraseMeter14PasswordTesterC20freeLoadedDictionaryyyF",
            "moduleName": "WultraPassphraseMeter",
            "declAttributes": [
              "AccessControl",
              "RawDocComment"
            ],
            "funcSelfKind": "NonMutating"
          },
          {
            "kind": "Function",
            "name": "testPin",
            "printedName": "testPin(_:)",
            "children": [
              {
                "kind": "TypeNominal",
                "name": "PinTestResult",
                "printedName": "WultraPassphraseMeter.PinTestResult",
                "usr": "s:21WultraPassphraseMeter13PinTestResultV"
              },
              {
                "kind": "TypeNominal",
                "name": "UnsafePointer",
                "printedName": "Swift.UnsafePointer<Swift.Int8>",
                "children": [
                  {
                    "kind": "TypeNominal",
                    "name": "Int8",
                    "printedName": "Swift.Int8",
                    "usr": "s:s4Int8V"
                  }
                ],
                "usr": "s:SP"
              }
            ],
            "declKind": "Func",
            "usr": "s:21WultraPassphraseMeter14PasswordTesterC7testPinyAA0G10TestResultVSPys4Int8VGF",
            "mangledName": "$s21WultraPassphraseMeter14PasswordTesterC7testPinyAA0G10TestResultVSPys4Int8VGF",
            "moduleName": "WultraPassphraseMeter",
            "declAttributes": [
              "AccessControl",
              "RawDocComment"
            ],
            "funcSelfKind": "NonMutating"
          },
          {
            "kind": "Function",
            "name": "testPassword",
            "printedName": "testPassword(_:)",
            "children": [
              {
                "kind": "TypeNominal",
                "name": "PasswordStrength",
                "printedName": "WultraPassphraseMeter.PasswordStrength",
                "usr": "s:21WultraPassphraseMeter16PasswordStrengthO"
              },
              {
                "kind": "TypeNominal",
                "name": "UnsafePointer",
                "printedName": "Swift.UnsafePointer<Swift.Int8>",
                "children": [
                  {
                    "kind": "TypeNominal",
                    "name": "Int8",
                    "printedName": "Swift.Int8",
                    "usr": "s:s4Int8V"
                  }
                ],
                "usr": "s:SP"
              }
            ],
            "declKind": "Func",
            "usr": "s:21WultraPassphraseMeter14PasswordTesterC04testD0yAA0D8StrengthOSPys4Int8VGF",
            "mangledName": "$s21WultraPassphraseMeter14PasswordTesterC04testD0yAA0D8StrengthOSPys4Int8VGF",
            "moduleName": "WultraPassphraseMeter",
            "declAttributes": [
              "AccessControl",
              "RawDocComment"
            ],
            "funcSelfKind": "NonMutating"
          }
        ],
        "declKind": "Class",
        "usr": "s:21WultraPassphraseMeter14PasswordTesterC",
        "mangledName": "$s21WultraPassphraseMeter14PasswordTesterC",
        "moduleName": "WultraPassphraseMeter",
        "declAttributes": [
          "AccessControl",
          "RawDocComment"
        ],
        "hasMissingDesignatedInitializers": true
      },
      {
        "kind": "TypeDecl",
        "name": "PasswordTesterDictionary",
        "printedName": "PasswordTesterDictionary",
        "children": [
          {
            "kind": "Var",
            "name": "path",
            "printedName": "path",
            "children": [
              {
                "kind": "TypeNominal",
                "name": "String",
                "printedName": "Swift.String",
                "usr": "s:SS"
              }
            ],
            "declKind": "Var",
            "usr": "s:21WultraPassphraseMeter24PasswordTesterDictionaryV4pathSSvp",
            "mangledName": "$s21WultraPassphraseMeter24PasswordTesterDictionaryV4pathSSvp",
            "moduleName": "WultraPassphraseMeter",
            "declAttributes": [
              "HasStorage",
              "AccessControl"
            ],
            "isLet": true,
            "hasStorage": true,
            "accessors": [
              {
                "kind": "Accessor",
                "name": "Get",
                "printedName": "Get()",
                "children": [
                  {
                    "kind": "TypeNominal",
                    "name": "String",
                    "printedName": "Swift.String",
                    "usr": "s:SS"
                  }
                ],
                "declKind": "Accessor",
                "usr": "s:21WultraPassphraseMeter24PasswordTesterDictionaryV4pathSSvg",
                "mangledName": "$s21WultraPassphraseMeter24PasswordTesterDictionaryV4pathSSvg",
                "moduleName": "WultraPassphraseMeter",
                "implicit": true,
                "accessorKind": "get"
              }
            ]
          },
          {
            "kind": "Constructor",
            "name": "init",
            "printedName": "init(_:)",
            "children": [
              {
                "kind": "TypeNominal",
                "name": "PasswordTesterDictionary",
                "printedName": "WultraPassphraseMeter.PasswordTesterDictionary",
                "usr": "s:21WultraPassphraseMeter24PasswordTesterDictionaryV"
              },
              {
                "kind": "TypeNominal",
                "name": "String",
                "printedName": "Swift.String",
                "usr": "s:SS"
              }
            ],
            "declKind": "Constructor",
            "usr": "s:21WultraPassphraseMeter24PasswordTesterDictionaryVyACSScfc",
            "mangledName": "$s21WultraPassphraseMeter24PasswordTesterDictionaryVyACSScfc",
            "moduleName": "WultraPassphraseMeter",
            "declAttributes": [
              "AccessControl"
            ],
            "init_kind": "Designated"
          }
        ],
        "declKind": "Struct",
        "usr": "s:21WultraPassphraseMeter24PasswordTesterDictionaryV",
        "mangledName": "$s21WultraPassphraseMeter24PasswordTesterDictionaryV",
        "moduleName": "WultraPassphraseMeter",
        "declAttributes": [
          "AccessControl",
          "RawDocComment"
        ]
      },
      {
        "kind": "TypeDecl",
        "name": "PinTestResult",
        "printedName": "PinTestResult",
        "children": [
          {
            "kind": "Var",
            "name": "pinLength",
            "printedName": "pinLength",
            "children": [
              {
                "kind": "TypeNominal",
                "name": "Int",
                "printedName": "Swift.Int",
                "usr": "s:Si"
              }
            ],
            "declKind": "Var",
            "usr": "s:21WultraPassphraseMeter13PinTestResultV9pinLengthSivp",
            "mangledName": "$s21WultraPassphraseMeter13PinTestResultV9pinLengthSivp",
            "moduleName": "WultraPassphraseMeter",
            "declAttributes": [
              "HasStorage",
              "AccessControl",
              "RawDocComment"
            ],
            "isLet": true,
            "hasStorage": true,
            "accessors": [
              {
                "kind": "Accessor",
                "name": "Get",
                "printedName": "Get()",
                "children": [
                  {
                    "kind": "TypeNominal",
                    "name": "Int",
                    "printedName": "Swift.Int",
                    "usr": "s:Si"
                  }
                ],
                "declKind": "Accessor",
                "usr": "s:21WultraPassphraseMeter13PinTestResultV9pinLengthSivg",
                "mangledName": "$s21WultraPassphraseMeter13PinTestResultV9pinLengthSivg",
                "moduleName": "WultraPassphraseMeter",
                "implicit": true,
                "accessorKind": "get"
              }
            ]
          },
          {
            "kind": "Var",
            "name": "issues",
            "printedName": "issues",
            "children": [
              {
                "kind": "TypeNominal",
                "name": "PinTestIssue",
                "printedName": "WultraPassphraseMeter.PinTestIssue",
                "usr": "s:21WultraPassphraseMeter12PinTestIssueV"
              }
            ],
            "declKind": "Var",
            "usr": "s:21WultraPassphraseMeter13PinTestResultV6issuesAA0dE5IssueVvp",
            "mangledName": "$s21WultraPassphraseMeter13PinTestResultV6issuesAA0dE5IssueVvp",
            "moduleName": "WultraPassphraseMeter",
            "declAttributes": [
              "HasStorage",
              "AccessControl",
              "RawDocComment"
            ],
            "isLet": true,
            "hasStorage": true,
            "accessors": [
              {
                "kind": "Accessor",
                "name": "Get",
                "printedName": "Get()",
                "children": [
                  {
                    "kind": "TypeNominal",
                    "name": "PinTestIssue",
                    "printedName": "WultraPassphraseMeter.PinTestIssue",
                    "usr": "s:21WultraPassphraseMeter12PinTestIssueV"
                  }
                ],
                "declKind": "Accessor",
                "usr": "s:21WultraPassphraseMeter13PinTestResultV6issuesAA0dE5IssueVvg",
                "mangledName": "$s21WultraPassphraseMeter13PinTestResultV6issuesAA0dE5IssueVvg",
                "moduleName": "WultraPassphraseMeter",
                "implicit": true,
                "accessorKind": "get"
              }
            ]
          },
          {
            "kind": "Var",
            "name": "shouldWarnUserAboutWeakPin",
            "printedName": "shouldWarnUserAboutWeakPin",
            "children": [
              {
                "kind": "TypeNominal",
                "name": "Bool",
                "printedName": "Swift.Bool",
                "usr": "s:Sb"
              }
            ],
            "declKind": "Var",
            "usr": "s:21WultraPassphraseMeter13PinTestResultV023shouldWarnUserAboutWeakD0Sbvp",
            "mangledName": "$s21WultraPassphraseMeter13PinTestResultV023shouldWarnUserAboutWeakD0Sbvp",
            "moduleName": "WultraPassphraseMeter",
            "declAttributes": [
              "AccessControl",
              "RawDocComment"
            ],
            "accessors": [
              {
                "kind": "Accessor",
                "name": "Get",
                "printedName": "Get()",
                "children": [
                  {
                    "kind": "TypeNominal",
                    "name": "Bool",
                    "printedName": "Swift.Bool",
                    "usr": "s:Sb"
                  }
                ],
                "declKind": "Accessor",
                "usr": "s:21WultraPassphraseMeter13PinTestResultV023shouldWarnUserAboutWeakD0Sbvg",
                "mangledName": "$s21WultraPassphraseMeter13PinTestResultV023shouldWarnUserAboutWeakD0Sbvg",
                "moduleName": "WultraPassphraseMeter",
                "accessorKind": "get"
              }
            ]
          },
          {
            "kind": "Constructor",
            "name": "init",
            "printedName": "init(pinLength:issues:)",
            "children": [
              {
                "kind": "TypeNominal",
                "name": "PinTestResult",
                "printedName": "WultraPassphraseMeter.PinTestResult",
                "usr": "s:21WultraPassphraseMeter13PinTestResultV"
              },
              {
                "kind": "TypeNominal",
                "name": "Int",
                "printedName": "Swift.Int",
                "usr": "s:Si"
              },
              {
                "kind": "TypeNominal",
                "name": "PinTestIssue",
                "printedName": "WultraPassphraseMeter.PinTestIssue",
                "usr": "s:21WultraPassphraseMeter12PinTestIssueV"
              }
            ],
            "declKind": "Constructor",
            "usr": "s:21WultraPassphraseMeter13PinTestResultV9pinLength6issuesACSi_AA0dE5IssueVtcfc",
            "mangledName": "$s21WultraPassphraseMeter13PinTestResultV9pinLength6issuesACSi_AA0dE5IssueVtcfc",
            "moduleName": "WultraPassphraseMeter",
            "declAttributes": [
              "AccessControl",
              "RawDocComment"
            ],
            "init_kind": "Designated"
          }
        ],
        "declKind": "Struct",
        "usr": "s:21WultraPassphraseMeter13PinTestResultV",
        "mangledName": "$s21WultraPassphraseMeter13PinTestResultV",
        "moduleName": "WultraPassphraseMeter",
        "declAttributes": [
          "AccessControl",
          "RawDocComment"
        ]
      },
      {
        "kind": "TypeDecl",
        "name": "PinTestIssue",
        "printedName": "PinTestIssue",
        "children": [
          {
            "kind": "Var",
            "name": "rawValue",
            "printedName": "rawValue",
            "children": [
              {
                "kind": "TypeNominal",
                "name": "Int",
                "printedName": "Swift.Int",
                "usr": "s:Si"
              }
            ],
            "declKind": "Var",
            "usr": "s:21WultraPassphraseMeter12PinTestIssueV8rawValueSivp",
            "mangledName": "$s21WultraPassphraseMeter12PinTestIssueV8rawValueSivp",
            "moduleName": "WultraPassphraseMeter",
            "declAttributes": [
              "HasStorage",
              "AccessControl"
            ],
            "isLet": true,
            "hasStorage": true,
            "accessors": [
              {
                "kind": "Accessor",
                "name": "Get",
                "printedName": "Get()",
                "children": [
                  {
                    "kind": "TypeNominal",
                    "name": "Int",
                    "printedName": "Swift.Int",
                    "usr": "s:Si"
                  }
                ],
                "declKind": "Accessor",
                "usr": "s:21WultraPassphraseMeter12PinTestIssueV8rawValueSivg",
                "mangledName": "$s21WultraPassphraseMeter12PinTestIssueV8rawValueSivg",
                "moduleName": "WultraPassphraseMeter",
                "implicit": true,
                "accessorKind": "get"
              }
            ]
          },
          {
            "kind": "Constructor",
            "name": "init",
            "printedName": "init(rawValue:)",
            "children": [
              {
                "kind": "TypeNominal",
                "name": "PinTestIssue",
                "printedName": "WultraPassphraseMeter.PinTestIssue",
                "usr": "s:21WultraPassphraseMeter12PinTestIssueV"
              },
              {
                "kind": "TypeNominal",
                "name": "Int",
                "printedName": "Swift.Int",
                "usr": "s:Si"
              }
            ],
            "declKind": "Constructor",
            "usr": "s:21WultraPassphraseMeter12PinTestIssueV8rawValueACSi_tcfc",
            "mangledName": "$s21WultraPassphraseMeter12PinTestIssueV8rawValueACSi_tcfc",
            "moduleName": "WultraPassphraseMeter",
            "declAttributes": [
              "AccessControl"
            ],
            "init_kind": "Designated"
          },
          {
            "kind": "Var",
            "name": "notUnique",
            "printedName": "notUnique",
            "children": [
              {
                "kind": "TypeNominal",
                "name": "PinTestIssue",
                "printedName": "WultraPassphraseMeter.PinTestIssue",
                "usr": "s:21WultraPassphraseMeter12PinTestIssueV"
              }
            ],
            "declKind": "Var",
            "usr": "s:21WultraPassphraseMeter12PinTestIssueV9notUniqueACvpZ",
            "mangledName": "$s21WultraPassphraseMeter12PinTestIssueV9notUniqueACvpZ",
            "moduleName": "WultraPassphraseMeter",
            "static": true,
            "declAttributes": [
              "HasInitialValue",
              "HasStorage",
              "AccessControl",
              "RawDocComment"
            ],
            "isLet": true,
            "hasStorage": true,
            "accessors": [
              {
                "kind": "Accessor",
                "name": "Get",
                "printedName": "Get()",
                "children": [
                  {
                    "kind": "TypeNominal",
                    "name": "PinTestIssue",
                    "printedName": "WultraPassphraseMeter.PinTestIssue",
                    "usr": "s:21WultraPassphraseMeter12PinTestIssueV"
                  }
                ],
                "declKind": "Accessor",
                "usr": "s:21WultraPassphraseMeter12PinTestIssueV9notUniqueACvgZ",
                "mangledName": "$s21WultraPassphraseMeter12PinTestIssueV9notUniqueACvgZ",
                "moduleName": "WultraPassphraseMeter",
                "static": true,
                "implicit": true,
                "accessorKind": "get"
              }
            ]
          },
          {
            "kind": "Var",
            "name": "repeatingCharacters",
            "printedName": "repeatingCharacters",
            "children": [
              {
                "kind": "TypeNominal",
                "name": "PinTestIssue",
                "printedName": "WultraPassphraseMeter.PinTestIssue",
                "usr": "s:21WultraPassphraseMeter12PinTestIssueV"
              }
            ],
            "declKind": "Var",
            "usr": "s:21WultraPassphraseMeter12PinTestIssueV19repeatingCharactersACvpZ",
            "mangledName": "$s21WultraPassphraseMeter12PinTestIssueV19repeatingCharactersACvpZ",
            "moduleName": "WultraPassphraseMeter",
            "static": true,
            "declAttributes": [
              "HasInitialValue",
              "HasStorage",
              "AccessControl",
              "RawDocComment"
            ],
            "isLet": true,
            "hasStorage": true,
            "accessors": [
              {
                "kind": "Accessor",
                "name": "Get",
                "printedName": "Get()",
                "children": [
                  {
                    "kind": "TypeNominal",
                    "name": "PinTestIssue",
                    "printedName": "WultraPassphraseMeter.PinTestIssue",
                    "usr": "s:21WultraPassphraseMeter12PinTestIssueV"
                  }
                ],
                "declKind": "Accessor",
                "usr": "s:21WultraPassphraseMeter12PinTestIssueV19repeatingCharactersACvgZ",
                "mangledName": "$s21WultraPassphraseMeter12PinTestIssueV19repeatingCharactersACvgZ",
                "moduleName": "WultraPassphraseMeter",
                "static": true,
                "implicit": true,
                "accessorKind": "get"
              }
            ]
          },
          {
            "kind": "Var",
            "name": "patternFound",
            "printedName": "patternFound",
            "children": [
              {
                "kind": "TypeNominal",
                "name": "PinTestIssue",
                "printedName": "WultraPassphraseMeter.PinTestIssue",
                "usr": "s:21WultraPassphraseMeter12PinTestIssueV"
              }
            ],
            "declKind": "Var",
            "usr": "s:21WultraPassphraseMeter12PinTestIssueV12patternFoundACvpZ",
            "mangledName": "$s21WultraPassphraseMeter12PinTestIssueV12patternFoundACvpZ",
            "moduleName": "WultraPassphraseMeter",
            "static": true,
            "declAttributes": [
              "HasInitialValue",
              "HasStorage",
              "AccessControl",
              "RawDocComment"
            ],
            "isLet": true,
            "hasStorage": true,
            "accessors": [
              {
                "kind": "Accessor",
                "name": "Get",
                "printedName": "Get()",
                "children": [
                  {
                    "kind": "TypeNominal",
                    "name": "PinTestIssue",
                    "printedName": "WultraPassphraseMeter.PinTestIssue",
                    "usr": "s:21WultraPassphraseMeter12PinTestIssueV"
                  }
                ],
                "declKind": "Accessor",
                "usr": "s:21WultraPassphraseMeter12PinTestIssueV12patternFoundACvgZ",
                "mangledName": "$s21WultraPassphraseMeter12PinTestIssueV12patternFoundACvgZ",
                "moduleName": "WultraPassphraseMeter",
                "static": true,
                "implicit": true,
                "accessorKind": "get"
              }
            ]
          },
          {
            "kind": "Var",
            "name": "possiblyDate",
            "printedName": "possiblyDate",
            "children": [
              {
                "kind": "TypeNominal",
                "name": "PinTestIssue",
                "printedName": "WultraPassphraseMeter.PinTestIssue",
                "usr": "s:21WultraPassphraseMeter12PinTestIssueV"
              }
            ],
            "declKind": "Var",
            "usr": "s:21WultraPassphraseMeter12PinTestIssueV12possiblyDateACvpZ",
            "mangledName": "$s21WultraPassphraseMeter12PinTestIssueV12possiblyDateACvpZ",
            "moduleName": "WultraPassphraseMeter",
            "static": true,
            "declAttributes": [
              "HasInitialValue",
              "HasStorage",
              "AccessControl",
              "RawDocComment"
            ],
            "isLet": true,
            "hasStorage": true,
            "accessors": [
              {
                "kind": "Accessor",
                "name": "Get",
                "printedName": "Get()",
                "children": [
                  {
                    "kind": "TypeNominal",
                    "name": "PinTestIssue",
                    "printedName": "WultraPassphraseMeter.PinTestIssue",
                    "usr": "s:21WultraPassphraseMeter12PinTestIssueV"
                  }
                ],
                "declKind": "Accessor",
                "usr": "s:21WultraPassphraseMeter12PinTestIssueV12possiblyDateACvgZ",
                "mangledName": "$s21WultraPassphraseMeter12PinTestIssueV12possiblyDateACvgZ",
                "moduleName": "WultraPassphraseMeter",
                "static": true,
                "implicit": true,
                "accessorKind": "get"
              }
            ]
          },
          {
            "kind": "Var",
            "name": "frequentlyUsed",
            "printedName": "frequentlyUsed",
            "children": [
              {
                "kind": "TypeNominal",
                "name": "PinTestIssue",
                "printedName": "WultraPassphraseMeter.PinTestIssue",
                "usr": "s:21WultraPassphraseMeter12PinTestIssueV"
              }
            ],
            "declKind": "Var",
            "usr": "s:21WultraPassphraseMeter12PinTestIssueV14frequentlyUsedACvpZ",
            "mangledName": "$s21WultraPassphraseMeter12PinTestIssueV14frequentlyUsedACvpZ",
            "moduleName": "WultraPassphraseMeter",
            "static": true,
            "declAttributes": [
              "HasInitialValue",
              "HasStorage",
              "AccessControl",
              "RawDocComment"
            ],
            "isLet": true,
            "hasStorage": true,
            "accessors": [
              {
                "kind": "Accessor",
                "name": "Get",
                "printedName": "Get()",
                "children": [
                  {
                    "kind": "TypeNominal",
                    "name": "PinTestIssue",
                    "printedName": "WultraPassphraseMeter.PinTestIssue",
                    "usr": "s:21WultraPassphraseMeter12PinTestIssueV"
                  }
                ],
                "declKind": "Accessor",
                "usr": "s:21WultraPassphraseMeter12PinTestIssueV14frequentlyUsedACvgZ",
                "mangledName": "$s21WultraPassphraseMeter12PinTestIssueV14frequentlyUsedACvgZ",
                "moduleName": "WultraPassphraseMeter",
                "static": true,
                "implicit": true,
                "accessorKind": "get"
              }
            ]
          },
          {
            "kind": "Var",
            "name": "pinFormatError",
            "printedName": "pinFormatError",
            "children": [
              {
                "kind": "TypeNominal",
                "name": "PinTestIssue",
                "printedName": "WultraPassphraseMeter.PinTestIssue",
                "usr": "s:21WultraPassphraseMeter12PinTestIssueV"
              }
            ],
            "declKind": "Var",
            "usr": "s:21WultraPassphraseMeter12PinTestIssueV14pinFormatErrorACvpZ",
            "mangledName": "$s21WultraPassphraseMeter12PinTestIssueV14pinFormatErrorACvpZ",
            "moduleName": "WultraPassphraseMeter",
            "static": true,
            "declAttributes": [
              "HasInitialValue",
              "HasStorage",
              "AccessControl",
              "RawDocComment"
            ],
            "isLet": true,
            "hasStorage": true,
            "accessors": [
              {
                "kind": "Accessor",
                "name": "Get",
                "printedName": "Get()",
                "children": [
                  {
                    "kind": "TypeNominal",
                    "name": "PinTestIssue",
                    "printedName": "WultraPassphraseMeter.PinTestIssue",
                    "usr": "s:21WultraPassphraseMeter12PinTestIssueV"
                  }
                ],
                "declKind": "Accessor",
                "usr": "s:21WultraPassphraseMeter12PinTestIssueV14pinFormatErrorACvgZ",
                "mangledName": "$s21WultraPassphraseMeter12PinTestIssueV14pinFormatErrorACvgZ",
                "moduleName": "WultraPassphraseMeter",
                "static": true,
                "implicit": true,
                "accessorKind": "get"
              }
            ]
          }
        ],
        "declKind": "Struct",
        "usr": "s:21WultraPassphraseMeter12PinTestIssueV",
        "mangledName": "$s21WultraPassphraseMeter12PinTestIssueV",
        "moduleName": "WultraPassphraseMeter",
        "declAttributes": [
          "AccessControl",
          "RawDocComment"
        ],
        "conformances": [
          {
            "kind": "Conformance",
            "name": "OptionSet",
            "printedName": "OptionSet",
            "children": [
              {
                "kind": "TypeWitness",
                "name": "Element",
                "printedName": "Element",
                "children": [
                  {
                    "kind": "TypeNominal",
                    "name": "PinTestIssue",
                    "printedName": "WultraPassphraseMeter.PinTestIssue",
                    "usr": "s:21WultraPassphraseMeter12PinTestIssueV"
                  }
                ]
              }
            ],
            "usr": "s:s9OptionSetP",
            "mangledName": "$ss9OptionSetP"
          },
          {
            "kind": "Conformance",
            "name": "RawRepresentable",
            "printedName": "RawRepresentable",
            "children": [
              {
                "kind": "TypeWitness",
                "name": "RawValue",
                "printedName": "RawValue",
                "children": [
                  {
                    "kind": "TypeNominal",
                    "name": "Int",
                    "printedName": "Swift.Int",
                    "usr": "s:Si"
                  }
                ]
              }
            ],
            "usr": "s:SY",
            "mangledName": "$sSY"
          },
          {
            "kind": "Conformance",
            "name": "SetAlgebra",
            "printedName": "SetAlgebra",
            "children": [
              {
                "kind": "TypeWitness",
                "name": "Element",
                "printedName": "Element",
                "children": [
                  {
                    "kind": "TypeNominal",
                    "name": "PinTestIssue",
                    "printedName": "WultraPassphraseMeter.PinTestIssue",
                    "usr": "s:21WultraPassphraseMeter12PinTestIssueV"
                  }
                ]
              }
            ],
            "usr": "s:s10SetAlgebraP",
            "mangledName": "$ss10SetAlgebraP"
          },
          {
            "kind": "Conformance",
            "name": "Equatable",
            "printedName": "Equatable",
            "usr": "s:SQ",
            "mangledName": "$sSQ"
          },
          {
            "kind": "Conformance",
            "name": "ExpressibleByArrayLiteral",
            "printedName": "ExpressibleByArrayLiteral",
            "children": [
              {
                "kind": "TypeWitness",
                "name": "ArrayLiteralElement",
                "printedName": "ArrayLiteralElement",
                "children": [
                  {
                    "kind": "TypeNominal",
                    "name": "PinTestIssue",
                    "printedName": "WultraPassphraseMeter.PinTestIssue",
                    "usr": "s:21WultraPassphraseMeter12PinTestIssueV"
                  }
                ]
              }
            ],
            "usr": "s:s25ExpressibleByArrayLiteralP",
            "mangledName": "$ss25ExpressibleByArrayLiteralP"
          }
        ]
      },
      {
        "kind": "TypeDecl",
        "name": "PasswordStrength",
        "printedName": "PasswordStrength",
        "children": [
          {
            "kind": "Var",
            "name": "veryWeak",
            "printedName": "veryWeak",
            "children": [
              {
                "kind": "TypeFunc",
                "name": "Function",
                "printedName": "(WultraPassphraseMeter.PasswordStrength.Type) -> WultraPassphraseMeter.PasswordStrength",
                "children": [
                  {
                    "kind": "TypeNominal",
                    "name": "PasswordStrength",
                    "printedName": "WultraPassphraseMeter.PasswordStrength",
                    "usr": "s:21WultraPassphraseMeter16PasswordStrengthO"
                  },
                  {
                    "kind": "TypeNominal",
                    "name": "Metatype",
                    "printedName": "WultraPassphraseMeter.PasswordStrength.Type",
                    "children": [
                      {
                        "kind": "TypeNominal",
                        "name": "PasswordStrength",
                        "printedName": "WultraPassphraseMeter.PasswordStrength",
                        "usr": "s:21WultraPassphraseMeter16PasswordStrengthO"
                      }
                    ]
                  }
                ]
              }
            ],
            "declKind": "EnumElement",
            "usr": "s:21WultraPassphraseMeter16PasswordStrengthO8veryWeakyA2CmF",
            "mangledName": "$s21WultraPassphraseMeter16PasswordStrengthO8veryWeakyA2CmF",
            "moduleName": "WultraPassphraseMeter"
          },
          {
            "kind": "Var",
            "name": "weak",
            "printedName": "weak",
            "children": [
              {
                "kind": "TypeFunc",
                "name": "Function",
                "printedName": "(WultraPassphraseMeter.PasswordStrength.Type) -> WultraPassphraseMeter.PasswordStrength",
                "children": [
                  {
                    "kind": "TypeNominal",
                    "name": "PasswordStrength",
                    "printedName": "WultraPassphraseMeter.PasswordStrength",
                    "usr": "s:21WultraPassphraseMeter16PasswordStrengthO"
                  },
                  {
                    "kind": "TypeNominal",
                    "name": "Metatype",
                    "printedName": "WultraPassphraseMeter.PasswordStrength.Type",
                    "children": [
                      {
                        "kind": "TypeNominal",
                        "name": "PasswordStrength",
                        "printedName": "WultraPassphraseMeter.PasswordStrength",
                        "usr": "s:21WultraPassphraseMeter16PasswordStrengthO"
                      }
                    ]
                  }
                ]
              }
            ],
            "declKind": "EnumElement",
            "usr": "s:21WultraPassphraseMeter16PasswordStrengthO4weakyA2CmF",
            "mangledName": "$s21WultraPassphraseMeter16PasswordStrengthO4weakyA2CmF",
            "moduleName": "WultraPassphraseMeter"
          },
          {
            "kind": "Var",
            "name": "moderate",
            "printedName": "moderate",
            "children": [
              {
                "kind": "TypeFunc",
                "name": "Function",
                "printedName": "(WultraPassphraseMeter.PasswordStrength.Type) -> WultraPassphraseMeter.PasswordStrength",
                "children": [
                  {
                    "kind": "TypeNominal",
                    "name": "PasswordStrength",
                    "printedName": "WultraPassphraseMeter.PasswordStrength",
                    "usr": "s:21WultraPassphraseMeter16PasswordStrengthO"
                  },
                  {
                    "kind": "TypeNominal",
                    "name": "Metatype",
                    "printedName": "WultraPassphraseMeter.PasswordStrength.Type",
                    "children": [
                      {
                        "kind": "TypeNominal",
                        "name": "PasswordStrength",
                        "printedName": "WultraPassphraseMeter.PasswordStrength",
                        "usr": "s:21WultraPassphraseMeter16PasswordStrengthO"
                      }
                    ]
                  }
                ]
              }
            ],
            "declKind": "EnumElement",
            "usr": "s:21WultraPassphraseMeter16PasswordStrengthO8moderateyA2CmF",
            "mangledName": "$s21WultraPassphraseMeter16PasswordStrengthO8moderateyA2CmF",
            "moduleName": "WultraPassphraseMeter"
          },
          {
            "kind": "Var",
            "name": "good",
            "printedName": "good",
            "children": [
              {
                "kind": "TypeFunc",
                "name": "Function",
                "printedName": "(WultraPassphraseMeter.PasswordStrength.Type) -> WultraPassphraseMeter.PasswordStrength",
                "children": [
                  {
                    "kind": "TypeNominal",
                    "name": "PasswordStrength",
                    "printedName": "WultraPassphraseMeter.PasswordStrength",
                    "usr": "s:21WultraPassphraseMeter16PasswordStrengthO"
                  },
                  {
                    "kind": "TypeNominal",
                    "name": "Metatype",
                    "printedName": "WultraPassphraseMeter.PasswordStrength.Type",
                    "children": [
                      {
                        "kind": "TypeNominal",
                        "name": "PasswordStrength",
                        "printedName": "WultraPassphraseMeter.PasswordStrength",
                        "usr": "s:21WultraPassphraseMeter16PasswordStrengthO"
                      }
                    ]
                  }
                ]
              }
            ],
            "declKind": "EnumElement",
            "usr": "s:21WultraPassphraseMeter16PasswordStrengthO4goodyA2CmF",
            "mangledName": "$s21WultraPassphraseMeter16PasswordStrengthO4goodyA2CmF",
            "moduleName": "WultraPassphraseMeter"
          },
          {
            "kind": "Var",
            "name": "strong",
            "printedName": "strong",
            "children": [
              {
                "kind": "TypeFunc",
                "name": "Function",
                "printedName": "(WultraPassphraseMeter.PasswordStrength.Type) -> WultraPassphraseMeter.PasswordStrength",
                "children": [
                  {
                    "kind": "TypeNominal",
                    "name": "PasswordStrength",
                    "printedName": "WultraPassphraseMeter.PasswordStrength",
                    "usr": "s:21WultraPassphraseMeter16PasswordStrengthO"
                  },
                  {
                    "kind": "TypeNominal",
                    "name": "Metatype",
                    "printedName": "WultraPassphraseMeter.PasswordStrength.Type",
                    "children": [
                      {
                        "kind": "TypeNominal",
                        "name": "PasswordStrength",
                        "printedName": "WultraPassphraseMeter.PasswordStrength",
                        "usr": "s:21WultraPassphraseMeter16PasswordStrengthO"
                      }
                    ]
                  }
                ]
              }
            ],
            "declKind": "EnumElement",
            "usr": "s:21WultraPassphraseMeter16PasswordStrengthO6strongyA2CmF",
            "mangledName": "$s21WultraPassphraseMeter16PasswordStrengthO6strongyA2CmF",
            "moduleName": "WultraPassphraseMeter"
          },
          {
            "kind": "Function",
            "name": "==",
            "printedName": "==(_:_:)",
            "children": [
              {
                "kind": "TypeNominal",
                "name": "Bool",
                "printedName": "Swift.Bool",
                "usr": "s:Sb"
              },
              {
                "kind": "TypeNominal",
                "name": "PasswordStrength",
                "printedName": "WultraPassphraseMeter.PasswordStrength",
                "usr": "s:21WultraPassphraseMeter16PasswordStrengthO"
              },
              {
                "kind": "TypeNominal",
                "name": "PasswordStrength",
                "printedName": "WultraPassphraseMeter.PasswordStrength",
                "usr": "s:21WultraPassphraseMeter16PasswordStrengthO"
              }
            ],
            "declKind": "Func",
            "usr": "s:21WultraPassphraseMeter16PasswordStrengthO2eeoiySbAC_ACtFZ",
            "mangledName": "$s21WultraPassphraseMeter16PasswordStrengthO2eeoiySbAC_ACtFZ",
            "moduleName": "WultraPassphraseMeter",
            "static": true,
            "implicit": true,
            "funcSelfKind": "NonMutating"
          },
          {
            "kind": "Var",
            "name": "hashValue",
            "printedName": "hashValue",
            "children": [
              {
                "kind": "TypeNominal",
                "name": "Int",
                "printedName": "Swift.Int",
                "usr": "s:Si"
              }
            ],
            "declKind": "Var",
            "usr": "s:21WultraPassphraseMeter16PasswordStrengthO9hashValueSivp",
            "mangledName": "$s21WultraPassphraseMeter16PasswordStrengthO9hashValueSivp",
            "moduleName": "WultraPassphraseMeter",
            "implicit": true,
            "accessors": [
              {
                "kind": "Accessor",
                "name": "Get",
                "printedName": "Get()",
                "children": [
                  {
                    "kind": "TypeNominal",
                    "name": "Int",
                    "printedName": "Swift.Int",
                    "usr": "s:Si"
                  }
                ],
                "declKind": "Accessor",
                "usr": "s:21WultraPassphraseMeter16PasswordStrengthO9hashValueSivg",
                "mangledName": "$s21WultraPassphraseMeter16PasswordStrengthO9hashValueSivg",
                "moduleName": "WultraPassphraseMeter",
                "implicit": true,
                "accessorKind": "get"
              }
            ]
          },
          {
            "kind": "Function",
            "name": "hash",
            "printedName": "hash(into:)",
            "children": [
              {
                "kind": "TypeNominal",
                "name": "Void",
                "printedName": "()"
              },
              {
                "kind": "TypeNominal",
                "name": "Hasher",
                "printedName": "Swift.Hasher",
                "paramValueOwnership": "InOut",
                "usr": "s:s6HasherV"
              }
            ],
            "declKind": "Func",
            "usr": "s:21WultraPassphraseMeter16PasswordStrengthO4hash4intoys6HasherVz_tF",
            "mangledName": "$s21WultraPassphraseMeter16PasswordStrengthO4hash4intoys6HasherVz_tF",
            "moduleName": "WultraPassphraseMeter",
            "implicit": true,
            "funcSelfKind": "NonMutating"
          }
        ],
        "declKind": "Enum",
        "usr": "s:21WultraPassphraseMeter16PasswordStrengthO",
        "mangledName": "$s21WultraPassphraseMeter16PasswordStrengthO",
        "moduleName": "WultraPassphraseMeter",
        "declAttributes": [
          "AccessControl",
          "RawDocComment"
        ],
        "conformances": [
          {
            "kind": "Conformance",
            "name": "Equatable",
            "printedName": "Equatable",
            "usr": "s:SQ",
            "mangledName": "$sSQ"
          },
          {
            "kind": "Conformance",
            "name": "Hashable",
            "printedName": "Hashable",
            "usr": "s:SH",
            "mangledName": "$sSH"
          }
        ]
      }
    ],
    "json_format_version": 8
  },
  "ConstValues": [
    {
      "filePath": "\/Users\/rool\/Development\/VWS\/Rool\/passphrase-meter\/Source\/src_ios\/PasswordTester.swift",
      "kind": "Array",
      "offset": 2221,
      "length": 2,
      "value": "[]"
    },
    {
      "filePath": "\/Users\/rool\/Development\/VWS\/Rool\/passphrase-meter\/Source\/src_ios\/PasswordTester.swift",
      "kind": "IntegerLiteral",
      "offset": 2279,
      "length": 1,
      "value": "0"
    },
    {
      "filePath": "\/Users\/rool\/Development\/VWS\/Rool\/passphrase-meter\/Source\/src_ios\/PasswordTester.swift",
      "kind": "IntegerLiteral",
      "offset": 2347,
      "length": 1,
      "value": "0"
    },
    {
      "filePath": "\/Users\/rool\/Development\/VWS\/Rool\/passphrase-meter\/Source\/src_ios\/PasswordTester.swift",
      "kind": "IntegerLiteral",
      "offset": 2475,
      "length": 1,
      "value": "0"
    },
    {
      "filePath": "\/Users\/rool\/Development\/VWS\/Rool\/passphrase-meter\/Source\/src_ios\/PasswordTester.swift",
      "kind": "IntegerLiteral",
      "offset": 2599,
      "length": 1,
      "value": "0"
    },
    {
      "filePath": "\/Users\/rool\/Development\/VWS\/Rool\/passphrase-meter\/Source\/src_ios\/PasswordTester.swift",
      "kind": "IntegerLiteral",
      "offset": 2730,
      "length": 1,
      "value": "0"
    },
    {
      "filePath": "\/Users\/rool\/Development\/VWS\/Rool\/passphrase-meter\/Source\/src_ios\/PasswordTester.swift",
      "kind": "IntegerLiteral",
      "offset": 2866,
      "length": 1,
      "value": "0"
    },
    {
      "filePath": "\/Users\/rool\/Development\/VWS\/Rool\/passphrase-meter\/Source\/src_ios\/PasswordTester.swift",
      "kind": "IntegerLiteral",
      "offset": 2997,
      "length": 1,
      "value": "0"
    },
    {
      "filePath": "\/Users\/rool\/Development\/VWS\/Rool\/passphrase-meter\/Source\/src_ios\/PasswordTester.swift",
      "kind": "IntegerLiteral",
      "offset": 3111,
      "length": 1,
      "value": "0"
    },
    {
      "filePath": "\/Users\/rool\/Development\/VWS\/Rool\/passphrase-meter\/Source\/src_ios\/PasswordTester.swift",
      "kind": "IntegerLiteral",
      "offset": 3148,
      "length": 1,
      "value": "0"
    },
    {
      "filePath": "\/Users\/rool\/Development\/VWS\/Rool\/passphrase-meter\/Source\/src_ios\/PasswordTester.swift",
      "kind": "IntegerLiteral",
      "offset": 3178,
      "length": 1,
      "value": "1"
    },
    {
      "filePath": "\/Users\/rool\/Development\/VWS\/Rool\/passphrase-meter\/Source\/src_ios\/PasswordTester.swift",
      "kind": "BooleanLiteral",
      "offset": 5204,
      "length": 5,
      "value": "false"
    },
    {
      "filePath": "\/Users\/rool\/Development\/VWS\/Rool\/passphrase-meter\/Source\/src_ios\/PasswordTester.swift",
      "kind": "IntegerLiteral",
      "offset": 5241,
      "length": 1,
      "value": "4"
    },
    {
      "filePath": "\/Users\/rool\/Development\/VWS\/Rool\/passphrase-meter\/Source\/src_ios\/PasswordTester.swift",
      "kind": "IntegerLiteral",
      "offset": 5416,
      "length": 1,
      "value": "6"
    },
    {
      "filePath": "\/Users\/rool\/Development\/VWS\/Rool\/passphrase-meter\/Source\/src_ios\/PasswordTester.swift",
      "kind": "IntegerLiteral",
      "offset": 6297,
      "length": 1,
      "value": "1"
    },
    {
      "filePath": "\/Users\/rool\/Development\/VWS\/Rool\/passphrase-meter\/Source\/src_ios\/PasswordTester.swift",
      "kind": "IntegerLiteral",
      "offset": 6302,
      "length": 1,
      "value": "1"
    },
    {
      "filePath": "\/Users\/rool\/Development\/VWS\/Rool\/passphrase-meter\/Source\/src_ios\/PasswordTester.swift",
      "kind": "IntegerLiteral",
      "offset": 6410,
      "length": 1,
      "value": "1"
    },
    {
      "filePath": "\/Users\/rool\/Development\/VWS\/Rool\/passphrase-meter\/Source\/src_ios\/PasswordTester.swift",
      "kind": "IntegerLiteral",
      "offset": 6415,
      "length": 1,
      "value": "2"
    },
    {
      "filePath": "\/Users\/rool\/Development\/VWS\/Rool\/passphrase-meter\/Source\/src_ios\/PasswordTester.swift",
      "kind": "IntegerLiteral",
      "offset": 6536,
      "length": 1,
      "value": "1"
    },
    {
      "filePath": "\/Users\/rool\/Development\/VWS\/Rool\/passphrase-meter\/Source\/src_ios\/PasswordTester.swift",
      "kind": "IntegerLiteral",
      "offset": 6541,
      "length": 1,
      "value": "3"
    },
    {
      "filePath": "\/Users\/rool\/Development\/VWS\/Rool\/passphrase-meter\/Source\/src_ios\/PasswordTester.swift",
      "kind": "IntegerLiteral",
      "offset": 6687,
      "length": 1,
      "value": "1"
    },
    {
      "filePath": "\/Users\/rool\/Development\/VWS\/Rool\/passphrase-meter\/Source\/src_ios\/PasswordTester.swift",
      "kind": "IntegerLiteral",
      "offset": 6692,
      "length": 1,
      "value": "4"
    },
    {
      "filePath": "\/Users\/rool\/Development\/VWS\/Rool\/passphrase-meter\/Source\/src_ios\/PasswordTester.swift",
      "kind": "IntegerLiteral",
      "offset": 6829,
      "length": 1,
      "value": "1"
    },
    {
      "filePath": "\/Users\/rool\/Development\/VWS\/Rool\/passphrase-meter\/Source\/src_ios\/PasswordTester.swift",
      "kind": "IntegerLiteral",
      "offset": 6834,
      "length": 1,
      "value": "5"
    },
    {
      "filePath": "\/Users\/rool\/Development\/VWS\/Rool\/passphrase-meter\/Source\/src_ios\/PasswordTester.swift",
      "kind": "IntegerLiteral",
      "offset": 6974,
      "length": 1,
      "value": "1"
    },
    {
      "filePath": "\/Users\/rool\/Development\/VWS\/Rool\/passphrase-meter\/Source\/src_ios\/PasswordTester.swift",
      "kind": "IntegerLiteral",
      "offset": 6979,
      "length": 1,
      "value": "6"
    },
    {
      "filePath": "\/Users\/rool\/Development\/VWS\/Rool\/passphrase-meter\/Source\/src_ios\/PasswordTester.swift",
      "kind": "StringLiteral",
      "offset": 7577,
      "length": 31,
      "value": "\"Uncovered password check case\""
    },
    {
      "filePath": "\/Users\/rool\/Development\/VWS\/Rool\/passphrase-meter\/Source\/src_ios\/PasswordTester.swift",
      "kind": "StringLiteral",
      "offset": 7616,
      "length": 22,
      "value": "\"PasswordTester.swift\""
    }
  ]
}