{
  "ABIRoot": {
    "kind": "Root",
    "name": "TopLevel",
    "printedName": "TopLevel",
    "children": [
      {
        "kind": "Import",
        "name": "Foundation",
        "printedName": "Foundation",
        "declKind": "Import",
        "moduleName": "WultraPassphraseMeterENDictionary",
        "declAttributes": [
          "RawDocComment"
        ]
      },
      {
        "kind": "Import",
        "name": "WultraPassphraseMeter",
        "printedName": "WultraPassphraseMeter",
        "declKind": "Import",
        "moduleName": "WultraPassphraseMeterENDictionary"
      },
      {
        "kind": "TypeDecl",
        "name": "PasswordTesterDictionary",
        "printedName": "PasswordTesterDictionary",
        "children": [
          {
            "kind": "Var",
            "name": "en",
            "printedName": "en",
            "children": [
              {
                "kind": "TypeNominal",
                "name": "PasswordTesterDictionary",
                "printedName": "WultraPassphraseMeter.PasswordTesterDictionary",
                "usr": "s:21WultraPassphraseMeter24PasswordTesterDictionaryV"
              }
            ],
            "declKind": "Var",
            "usr": "s:21WultraPassphraseMeter24PasswordTesterDictionaryV0abC12ENDictionaryE2enACvpZ",
            "mangledName": "$s21WultraPassphraseMeter24PasswordTesterDictionaryV0abC12ENDictionaryE2enACvpZ",
            "moduleName": "WultraPassphraseMeterENDictionary",
            "static": true,
            "declAttributes": [
              "RawDocComment"
            ],
            "isFromExtension": true,
            "accessors": [
              {
                "kind": "Accessor",
                "name": "Get",
                "printedName": "Get()",
                "children": [
                  {
                    "kind": "TypeNominal",
                    "name": "PasswordTesterDictionary",
                    "printedName": "WultraPassphraseMeter.PasswordTesterDictionary",
                    "usr": "s:21WultraPassphraseMeter24PasswordTesterDictionaryV"
                  }
                ],
                "declKind": "Accessor",
                "usr": "s:21WultraPassphraseMeter24PasswordTesterDictionaryV0abC12ENDictionaryE2enACvgZ",
                "mangledName": "$s21WultraPassphraseMeter24PasswordTesterDictionaryV0abC12ENDictionaryE2enACvgZ",
                "moduleName": "WultraPassphraseMeterENDictionary",
                "static": true,
                "isFromExtension": true,
                "accessorKind": "get"
              }
            ]
          }
        ],
        "declKind": "Struct",
        "usr": "s:21WultraPassphraseMeter24PasswordTesterDictionaryV",
        "mangledName": "$s21WultraPassphraseMeter24PasswordTesterDictionaryV",
        "moduleName": "WultraPassphraseMeter",
        "isExternal": true
      }
    ],
    "json_format_version": 8
  },
  "ConstValues": [
    {
      "filePath": "\/Users\/rool\/Development\/VWS\/Rool\/passphrase-meter\/Source\/src_ios\/PasswordTester_en.swift",
      "kind": "StringLiteral",
      "offset": 987,
      "length": 4,
      "value": "\"en\""
    },
    {
      "filePath": "\/Users\/rool\/Development\/VWS\/Rool\/passphrase-meter\/Source\/src_ios\/PasswordTester_en.swift",
      "kind": "StringLiteral",
      "offset": 1001,
      "length": 5,
      "value": "\"dct\""
    }
  ]
}